{"FloorObj0":{"Pos":[900.0,900.0,900.0],"Scale":[332.8590087890625,332.8590087890625,332.8590087890625],"Rota":[0.0,0.0,0.0],"FilePass":"no_pass"},"FloorObj1":{"Pos":[-900.0,-900.0,-900.0],"Scale":[312.3659973144531,312.3659973144531,312.3659973144531],"Rota":[0.0,0.0,0.0],"FilePass":"no_pass"},"FloorObj2":{"Pos":[1890.0,1890.0,1890.0],"Scale":[415.8290100097656,415.8290100097656,415.8290100097656],"Rota":[0.0,0.0,0.0],"FilePass":"no_pass"},"FloorObj3":{"Pos":[3380.0,3380.0,3380.0],"Scale":[450.0,450.0,450.0],"Rota":[0.0,0.0,0.0],"FilePass":"no_pass"},"FloorObj4":{"Pos":[-2861.033935546875,-2861.033935546875,-2861.033935546875],"Scale":[158.17764282226563,158.17764282226563,158.17764282226563],"Rota":[0.0,0.0,0.0],"FilePass":"no_pass"},"FloorObj5":{"Pos":[-1679.5556640625,-1679.5556640625,-1679.5556640625],"Scale":[163.16209411621094,163.16209411621094,163.16209411621094],"Rota":[0.0,0.0,0.0],"FilePass":"no_pass"},"FloorObj6":{"Pos":[-2404.72119140625,-2404.72119140625,-2404.72119140625],"Scale":[156.86508178710938,156.86508178710938,156.86508178710938],"Rota":[0.0,0.0,0.0],"FilePass":"no_pass"},"FloorObj7":{"Pos":[-1082.39501953125,-1082.39501953125,-1082.39501953125],"Scale":[126.34403228759766,126.34403228759766,126.34403228759766],"Rota":[0.0,0.0,0.0],"FilePass":"no_pass"},"FloorObj8":{"Pos":[1436.6588134765625,1436.6588134765625,1436.6588134765625],"Scale":[155.83621215820313,155.83621215820313,155.83621215820313],"Rota":[0.0,0.0,0.0],"FilePass":"no_pass"},"FloorObj9":{"Pos":[-3134.26611328125,-3134.26611328125,-3134.26611328125],"Scale":[191.19570922851563,191.19570922851563,191.19570922851563],"Rota":[0.0,0.0,0.0],"FilePass":"no_pass"},"FloorObj10":{"Pos":[-1206.626953125,-1206.626953125,-1206.626953125],"Scale":[125.35365295410156,125.35365295410156,125.35365295410156],"Rota":[0.0,0.0,0.0],"FilePass":"no_pass"},"FloorObj11":{"Pos":[1636.4024658203125,1636.4024658203125,1636.4024658203125],"Scale":[164.5281982421875,164.5281982421875,164.5281982421875],"Rota":[0.0,0.0,0.0],"FilePass":"no_pass"},"FloorObj12":{"Pos":[-3533.539794921875,-3533.539794921875,-3533.539794921875],"Scale":[162.8428192138672,162.8428192138672,162.8428192138672],"Rota":[0.0,0.0,0.0],"FilePass":"no_pass"},"FloorObj13":{"Pos":[-1079.1497802734375,-1079.1497802734375,-1079.1497802734375],"Scale":[109.42572021484375,109.42572021484375,109.42572021484375],"Rota":[0.0,0.0,0.0],"FilePass":"no_pass"},"FloorObj14":{"Pos":[3922.986572265625,3922.986572265625,3922.986572265625],"Scale":[157.5990753173828,157.5990753173828,157.5990753173828],"Rota":[0.0,0.0,0.0],"FilePass":"no_pass"},"FloorObj15":{"Pos":[-1660.5426025390625,-1660.5426025390625,-1660.5426025390625],"Scale":[132.44613647460938,132.44613647460938,132.44613647460938],"Rota":[0.0,0.0,0.0],"FilePass":"no_pass"},"FloorObj16":{"Pos":[2410.06201171875,2410.06201171875,2410.06201171875],"Scale":[159.58407592773438,159.58407592773438,159.58407592773438],"Rota":[0.0,0.0,0.0],"FilePass":"no_pass"},"FloorObj17":{"Pos":[-2849.39111328125,-2849.39111328125,-2849.39111328125],"Scale":[155.44517517089844,155.44517517089844,155.44517517089844],"Rota":[0.0,0.0,0.0],"FilePass":"no_pass"},"FloorObj18":{"Pos":[-1373.63818359375,-1373.63818359375,-1373.63818359375],"Scale":[141.2841796875,141.2841796875,141.2841796875],"Rota":[0.0,0.0,0.0],"FilePass":"no_pass"},"FloorObj19":{"Pos":[2331.01904296875,2331.01904296875,2331.01904296875],"Scale":[179.96405029296875,179.96405029296875,179.96405029296875],"Rota":[0.0,0.0,0.0],"FilePass":"no_pass"},"FloorObj20":{"Pos":[3348.21630859375,3348.21630859375,3348.21630859375],"Scale":[212.3650665283203,212.3650665283203,212.3650665283203],"Rota":[0.0,0.0,0.0],"FilePass":"no_pass"},"FloorObj21":{"Pos":[-1767.78466796875,-1767.78466796875,-1767.78466796875],"Scale":[104.25396728515625,104.25396728515625,104.25396728515625],"Rota":[0.0,0.0,0.0],"FilePass":"no_pass"},"FloorObj22":{"Pos":[-846.7208251953125,-846.7208251953125,-846.7208251953125],"Scale":[134.4611053466797,134.4611053466797,134.4611053466797],"Rota":[0.0,0.0,0.0],"FilePass":"no_pass"},"FloorObj23":{"Pos":[1328.135009765625,1328.135009765625,1328.135009765625],"Scale":[154.55296325683594,154.55296325683594,154.55296325683594],"Rota":[0.0,0.0,0.0],"FilePass":"no_pass"},"FloorObj24":{"Pos":[3459.51708984375,3459.51708984375,3459.51708984375],"Scale":[146.0061798095703,146.0061798095703,146.0061798095703],"Rota":[0.0,0.0,0.0],"FilePass":"no_pass"},"FloorObj25":{"Pos":[-1687.3531494140625,-1687.3531494140625,-1687.3531494140625],"Scale":[152.46876525878906,152.46876525878906,152.46876525878906],"Rota":[0.0,0.0,0.0],"FilePass":"no_pass"},"FloorObj26":{"Pos":[2807.62646484375,2807.62646484375,2807.62646484375],"Scale":[222.90594482421875,222.90594482421875,222.90594482421875],"Rota":[0.0,0.0,0.0],"FilePass":"no_pass"},"FloorObj27":{"Pos":[-2453.00146484375,-2453.00146484375,-2453.00146484375],"Scale":[174.24435424804688,174.24435424804688,174.24435424804688],"Rota":[0.0,0.0,0.0],"FilePass":"no_pass"},"FloorObj28":{"Pos":[1679.2352294921875,1679.2352294921875,1679.2352294921875],"Scale":[138.93548583984375,138.93548583984375,138.93548583984375],"Rota":[0.0,0.0,0.0],"FilePass":"no_pass"},"FloorObj29":{"Pos":[1718.7567138671875,1718.7567138671875,1718.7567138671875],"Scale":[103.17870330810547,103.17870330810547,103.17870330810547],"Rota":[0.0,0.0,0.0],"FilePass":"no_pass"},"FloorObj30":{"Pos":[925.7637329101563,925.7637329101563,925.7637329101563],"Scale":[101.46491241455078,101.46491241455078,101.46491241455078],"Rota":[0.0,0.0,0.0],"FilePass":"no_pass"},"FloorObj31":{"Pos":[-3198.888916015625,-3198.888916015625,-3198.888916015625],"Scale":[160.4984130859375,160.4984130859375,160.4984130859375],"Rota":[0.0,0.0,0.0],"FilePass":"no_pass"},"FloorObj32":{"Pos":[-3948.515380859375,-3948.515380859375,-3948.515380859375],"Scale":[155.57589721679688,155.57589721679688,155.57589721679688],"Rota":[0.0,0.0,0.0],"FilePass":"no_pass"},"FloorObj33":{"Pos":[-646.7635498046875,-646.7635498046875,-646.7635498046875],"Scale":[119.71556091308594,119.71556091308594,119.71556091308594],"Rota":[0.0,0.0,0.0],"FilePass":"no_pass"},"FloorObj34":{"Pos":[2350.0322265625,2350.0322265625,2350.0322265625],"Scale":[149.4864501953125,149.4864501953125,149.4864501953125],"Rota":[0.0,0.0,0.0],"FilePass":"no_pass"},"FloorObj35":{"Pos":[-2011.42919921875,-2011.42919921875,-2011.42919921875],"Scale":[100.93306732177734,100.93306732177734,100.93306732177734],"Rota":[0.0,0.0,0.0],"FilePass":"no_pass"},"FloorObj36":{"Pos":[-2582.9951171875,-2582.9951171875,-2582.9951171875],"Scale":[193.0972442626953,193.0972442626953,193.0972442626953],"Rota":[0.0,0.0,0.0],"FilePass":"no_pass"},"FloorObj37":{"Pos":[3533.646728515625,3533.646728515625,3533.646728515625],"Scale":[118.47327423095703,118.47327423095703,118.47327423095703],"Rota":[0.0,0.0,0.0],"FilePass":"no_pass"},"FloorObj38":{"Pos":[-1170.796875,-1170.796875,-1170.796875],"Scale":[146.2591094970703,146.2591094970703,146.2591094970703],"Rota":[0.0,0.0,0.0],"FilePass":"no_pass"},"FloorObj39":{"Pos":[-735.953857421875,-735.953857421875,-735.953857421875],"Scale":[100.62776184082031,100.62776184082031,100.62776184082031],"Rota":[0.0,0.0,0.0],"FilePass":"no_pass"},"FloorObj40":{"Pos":[-3329.84423828125,-3329.84423828125,-3329.84423828125],"Scale":[107.50985717773438,107.50985717773438,107.50985717773438],"Rota":[0.0,0.0,0.0],"FilePass":"no_pass"},"FloorObj41":{"Pos":[2510.04052734375,2510.04052734375,2510.04052734375],"Scale":[215.25259399414063,215.25259399414063,215.25259399414063],"Rota":[0.0,0.0,0.0],"FilePass":"no_pass"},"FloorObj42":{"Pos":[-3071.352294921875,-3071.352294921875,-3071.352294921875],"Scale":[151.05641174316406,151.05641174316406,151.05641174316406],"Rota":[0.0,0.0,0.0],"FilePass":"no_pass"},"FloorObj43":{"Pos":[2252.29638671875,2252.29638671875,2252.29638671875],"Scale":[191.88040161132813,191.88040161132813,191.88040161132813],"Rota":[0.0,0.0,0.0],"FilePass":"no_pass"},